kanwil,nama_upt
Aceh,BAPAS KELAS I BANDA ACEH
Aceh,BAPAS KELAS II KUTACANE
Aceh,BAPAS KELAS II LHOK SEMAWE
Aceh,LAPAS KELAS IIA BANDA ACEH
Aceh,LAPAS KELAS IIA LHOK SEUMAWE
Aceh,LAPAS KELAS IIB BIREUEN
Aceh,LAPAS KELAS IIB BLANGKEJEREN
Aceh,LAPAS KELAS IIB BLANGPIDIE
Aceh,LAPAS KELAS IIB IDI
Aceh,LAPAS KELAS IIB KOTA BAKTI
Aceh,LAPAS KELAS IIB KUALA SIMPANG
Aceh,LAPAS KELAS IIB KUTACANE
Aceh,LAPAS KELAS IIB LANGSA
Aceh,LAPAS KELAS IIB LHOK SUKON
Aceh,LAPAS KELAS IIB MEULABOH
Aceh,LAPAS KELAS III CALANG
Aceh,LAPAS KELAS III LHOK NGA
Aceh,LAPAS KELAS III SINABANG
Aceh,LAPAS NARKOTIKA KELAS IIB LANGSA
Aceh,LAPAS PEREMPUAN KELAS IIB SIGLI
Aceh,LEMBAGA PEMBINAAN KHUSUS ANAK KELAS II BANDA ACEH
Aceh,RUTAN KELAS IIB BANDA ACEH
Aceh,RUTAN KELAS IIB BENER MERIAH
Aceh,RUTAN KELAS IIB JANTHO
Aceh,RUTAN KELAS IIB SABANG
Aceh,RUTAN KELAS IIB SIGLI
Aceh,RUTAN KELAS IIB SINGKEL
Aceh,RUTAN KELAS IIB TAKENGON
Aceh,RUTAN KELAS IIB TAPAKTUAN
Bali,BAPAS KELAS I DENPASAR
Bali,BAPAS KELAS II KARANGASEM
Bali,LAPAS KELAS IIA KEROBOKAN
Bali,LAPAS KELAS IIA NARKOTIKA BANGLI
Bali,LAPAS KELAS IIB KARANGASEM
Bali,LAPAS KELAS IIB SINGARAJA
Bali,LAPAS KELAS IIB TABANAN
Bali,LAPAS PEREMPUAN KELAS IIA KEROBOKAN
Bali,LEMBAGA PEMBINAAN KHUSUS ANAK KELAS II KARANGASEM
Bali,RUTAN KELAS IIB BANGLI
Bali,RUTAN KELAS IIB GIANYAR
Bali,RUTAN KELAS IIB KLUNGKUNG
Bali,RUTAN KELAS IIB NEGARA
Banten,BAPAS KELAS I SERANG
Banten,BAPAS KELAS I TANGERANG
Banten,BAPAS KELAS II CIANGIR
Banten,LAPAS KELAS I TANGERANG
Banten,LAPAS KELAS IIA CILEGON
Banten,LAPAS KELAS IIA PEMUDA TANGERANG
Banten,LAPAS KELAS IIA PEREMPUAN TANGERANG
Banten,LAPAS KELAS IIA SERANG
Banten,LAPAS KELAS IIA TANGERANG
Banten,LAPAS KELAS III RANGKAS BITUNG
Banten,LAPAS TERBUKA KELAS IIB CIANGIR
Banten,LEMBAGA PEMBINAAN KHUSUS ANAK KELAS I TANGERANG
Banten,RUTAN KELAS I TANGERANG
Banten,RUTAN KELAS IIB PANDEGLANG
Banten,RUTAN KELAS IIB SERANG
Bengkulu,BAPAS KELAS I BENGKULU
Bengkulu,LAPAS KELAS IIA BENGKULU
Bengkulu,LAPAS KELAS IIA CURUP
Bengkulu,LAPAS KELAS IIB ARGAMAKMUR
Bengkulu,LAPAS PEREMPUAN KELAS IIB BENGKULU
Bengkulu,LEMBAGA PEMBINAAN KHUSUS ANAK KELAS II BENGKULU
Bengkulu,RUTAN KELAS IIB BENGKULU
Bengkulu,RUTAN KELAS IIB MANNA
D. I. Yogyakarta,BAPAS KELAS I YOGYAKARTA
D. I. Yogyakarta,BAPAS KELAS II WONOSARI
D. I. Yogyakarta,LAPAS KELAS IIA NARKOTIKA YOGYAKARTA
D. I. Yogyakarta,LAPAS KELAS IIA YOGYAKARTA
D. I. Yogyakarta,LAPAS KELAS IIB SLEMAN
D. I. Yogyakarta,LAPAS KELAS IIB WONOSARI
D. I. Yogyakarta,LAPAS PEREMPUAN KELAS IIB YOGYAKARTA
D. I. Yogyakarta,LEMBAGA PEMBINAAN KHUSUS ANAK KELAS II YOGYAKARTA
D. I. Yogyakarta,RUTAN KELAS IIA YOGYAKARTA
D. I. Yogyakarta,RUTAN KELAS IIB BANTUL
D. I. Yogyakarta,RUTAN KELAS IIB WATES
DKI Jakarta,BAPAS KELAS I JAKARTA BARAT
DKI Jakarta,BAPAS KELAS I JAKARTA PUSAT
DKI Jakarta,BAPAS KELAS I JAKARTA SELATAN
DKI Jakarta,BAPAS KELAS I JAKARTA TIMUR UTARA
DKI Jakarta,LAPAS KELAS I CIPINANG
DKI Jakarta,LAPAS KELAS IIA SALEMBA
DKI Jakarta,LAPAS NARKOTIKA KELAS II A JAKARTA
DKI Jakarta,LAPAS PEREMPUAN KELAS IIA JAKARTA
DKI Jakarta,LEMBAGA PEMBINAAN KHUSUS ANAK KELAS II JAKARTA
DKI Jakarta,RUMAH SAKIT UMUM PENGAYOMAN CIPINANG
DKI Jakarta,RUTAN KELAS I CIPINANG
DKI Jakarta,RUTAN KELAS I JAKARTA PUSAT
DKI Jakarta,RUTAN KELAS I PONDOK BAMBU
Gorontalo,BAPAS KELAS II GORONTALO
Gorontalo,LAPAS KELAS IIA GORONTALO
Gorontalo,LAPAS KELAS IIB BOALEMO
Gorontalo,LAPAS KELAS IIB PAHUWATO
Gorontalo,LAPAS PEREMPUAN KELAS III GORONTALO
Gorontalo,LEMBAGA PEMBINAAN KHUSUS ANAK KELAS II GORONTALO
Jambi,BAPAS KELAS I JAMBI
Jambi,BAPAS KELAS II MUARA BUNGO
Jambi,LAPAS KELAS IIA JAMBI
Jambi,LAPAS KELAS IIB BANGKO
Jambi,LAPAS KELAS IIB KUALA TUNGKAL
Jambi,LAPAS KELAS IIB MUARA BULIAN
Jambi,LAPAS KELAS IIB MUARA BUNGO
Jambi,LAPAS KELAS IIB MUARA TEBO
Jambi,LAPAS KELAS IIB SOROLANGUN
Jambi,LAPAS NARKOTIKA KELAS IIB MUARA SABAK
Jambi,LAPAS PEREMPUAN KELAS IIB JAMBI
Jambi,LEMBAGA PEMBINAAN KHUSUS ANAK KELAS II MUARA BULIA
Jambi,RUTAN KELAS IIB SUNGAI PENUH
Jawa Barat,BAPAS KELAS II BEKASI
Jawa Barat,BAPAS KELAS II BOGOR
Jawa Barat,BAPAS KELAS II GARUT
Jawa Barat,LAPAS KELAS I CIREBON
Jawa Barat,LAPAS KELAS I SUKAMISKIN
Jawa Barat,LAPAS KELAS IIA BANCEUY BANDUNG
Jawa Barat,LAPAS KELAS IIA BEKASI
Jawa Barat,LAPAS KELAS IIA BOGOR
Jawa Barat,LAPAS KELAS IIA CIBINONG
Jawa Barat,LAPAS KELAS IIA CIKARANG
Jawa Barat,LAPAS KELAS IIA GARUT
Jawa Barat,LAPAS KELAS IIA KARAWANG
Jawa Barat,LAPAS KELAS IIA KUNINGAN
Jawa Barat,LAPAS KELAS IIA NARKOTIKA BANDUNG
Jawa Barat,LAPAS KELAS IIA NARKOTIKA CIREBON
Jawa Barat,LAPAS KELAS IIA PEREMPUAN BANDUNG
Jawa Barat,LAPAS KELAS IIA SUBANG
Jawa Barat,LAPAS KELAS IIA WARUNG KIARA
Jawa Barat,LAPAS KELAS IIB BANJAR
Jawa Barat,LAPAS KELAS IIB CIAMIS
Jawa Barat,LAPAS KELAS IIB CIANJUR
Jawa Barat,LAPAS KELAS IIB INDRAMAYU
Jawa Barat,LAPAS KELAS IIB MAJALENGKA
Jawa Barat,LAPAS KELAS IIB PURWAKARTA
Jawa Barat,LAPAS KELAS IIB SUKABUMI
Jawa Barat,LAPAS KELAS IIB SUMEDANG
Jawa Barat,LAPAS KELAS IIB TASIKMALAYA
Jawa Barat,LAPAS KHUSUS KELAS IIA GUNUNG SINDUR
Jawa Barat,LAPAS KHUSUS KELAS IIB SENTUL
Jawa Barat,LAPAS NARKOTIKA KELAS IIA GUNUNG SINDUR
Jawa Barat,LEMBAGA PEMBINAAN KHUSUS ANAK KELAS II BANDUNG
Jawa Barat,RUTAN KELAS I BANDUNG
Jawa Barat,RUTAN KELAS I CIREBON
Jawa Barat,RUTAN KELAS I DEPOK
Jawa Barat,RUTAN KELAS IIB GARUT
Jawa Barat,RUTAN PEREMPUAN KELAS II A BANDUNG
Jawa Tengah,BAPAS KELAS I SEMARANG
Jawa Tengah,BAPAS KELAS I SURAKARTA
Jawa Tengah,BAPAS KELAS II KLATEN
Jawa Tengah,BAPAS KELAS II MAGELANG
Jawa Tengah,BAPAS KELAS II NUSAKAMBANGAN
Jawa Tengah,BAPAS KELAS II PATI
Jawa Tengah,BAPAS KELAS II PURWOKERTO
Jawa Tengah,LAPAS KELAS I BATU NUSAKAMBANGAN
Jawa Tengah,LAPAS KELAS I SEMARANG
Jawa Tengah,LAPAS KELAS IIA AMBARAWA
Jawa Tengah,LAPAS KELAS IIA BESI NUSAKAMBANGAN
Jawa Tengah,LAPAS KELAS IIA GLADAKAN NUSAKAMBANGAN
Jawa Tengah,LAPAS KELAS IIA KEMBANG KUNING NUSAKAMBANGAN
Jawa Tengah,LAPAS KELAS IIA KENDAL
Jawa Tengah,LAPAS KELAS IIA KUMBANG NUSAKAMBANGAN
Jawa Tengah,LAPAS KELAS IIA MAGELANG
Jawa Tengah,LAPAS KELAS IIA NARKOTIKA NUSAKAMBANGAN
Jawa Tengah,LAPAS KELAS IIA NGASEMAN NUSAKAMBANGAN
Jawa Tengah,LAPAS KELAS IIA PASIR PUTIH NUSAKAMBANGAN
Jawa Tengah,LAPAS KELAS IIA PEKALONGAN
Jawa Tengah,LAPAS KELAS IIA PEREMPUAN SEMARANG
Jawa Tengah,LAPAS KELAS IIA PERMISAN NUSAKAMBANGAN
Jawa Tengah,LAPAS KELAS IIA PURWOKERTO
Jawa Tengah,LAPAS KELAS IIA SRAGEN
Jawa Tengah,LAPAS KELAS IIB BATANG
Jawa Tengah,LAPAS KELAS IIB BREBES
Jawa Tengah,LAPAS KELAS IIB CILACAP
Jawa Tengah,LAPAS KELAS IIB KLATEN
Jawa Tengah,LAPAS KELAS IIB NIRBAYA NUSAKAMBANGAN
Jawa Tengah,LAPAS KELAS IIB PATI
Jawa Tengah,LAPAS KELAS IIB PEMUDA PLANTUNGAN
Jawa Tengah,LAPAS KELAS IIB PURWODADI
Jawa Tengah,LAPAS KELAS IIB SLAWI
Jawa Tengah,LAPAS KELAS IIB TEGAL
Jawa Tengah,LAPAS KELAS IIB TERBUKA KENDAL
Jawa Tengah,LAPAS KELAS IIB TERBUKA NUSAKAMBANGAN
Jawa Tengah,LAPAS KELAS IIB WONOGIRI
Jawa Tengah,LAPAS KHUSUS KELAS IIA KARANGANYAR
Jawa Tengah,LAPAS NARKOTIKA KELAS IIB PURWOKERTO
Jawa Tengah,LEMBAGA PEMBINAAN KHUSUS ANAK KELAS I KUTOARJO
Jawa Tengah,RUTAN KELAS I SEMARANG
Jawa Tengah,RUTAN KELAS I SURAKARTA
Jawa Tengah,RUTAN KELAS IIA PEKALONGAN
Jawa Tengah,RUTAN KELAS IIB BANJARNEGARA
Jawa Tengah,RUTAN KELAS IIB BANYUMAS
Jawa Tengah,RUTAN KELAS IIB BLORA
Jawa Tengah,RUTAN KELAS IIB BOYOLALI
Jawa Tengah,RUTAN KELAS IIB DEMAK
Jawa Tengah,RUTAN KELAS IIB JEPARA
Jawa Tengah,RUTAN KELAS IIB KEBUMEN
Jawa Tengah,RUTAN KELAS IIB KUDUS
Jawa Tengah,RUTAN KELAS IIB PEMALANG
Jawa Tengah,RUTAN KELAS IIB PURBALINGGA
Jawa Tengah,RUTAN KELAS IIB PURWOREJO
Jawa Tengah,RUTAN KELAS IIB REMBANG
Jawa Tengah,RUTAN KELAS IIB SALATIGA
Jawa Tengah,RUTAN KELAS IIB TEMANGGUNG
Jawa Tengah,RUTAN KELAS IIB WONOSOBO
Jawa Timur,BAPAS KELAS I MALANG
Jawa Timur,BAPAS KELAS I SURABAYA
Jawa Timur,BAPAS KELAS II BOJONEGORO
Jawa Timur,BAPAS KELAS II JEMBER
Jawa Timur,BAPAS KELAS II KEDIRI
Jawa Timur,BAPAS KELAS II MADIUN
Jawa Timur,BAPAS KELAS II PAMEKASAN
Jawa Timur,LAPAS KELAS I MADIUN
Jawa Timur,LAPAS KELAS I MALANG
Jawa Timur,LAPAS KELAS I SURABAYA
Jawa Timur,LAPAS KELAS IIA BANYUWANGI
Jawa Timur,LAPAS KELAS IIA BOJONEGORO
Jawa Timur,LAPAS KELAS IIA JEMBER
Jawa Timur,LAPAS KELAS IIA KEDIRI
Jawa Timur,LAPAS KELAS IIA NARKOTIKA PAMEKASAN
Jawa Timur,LAPAS KELAS IIA PAMEKASAN
Jawa Timur,LAPAS KELAS IIA PEREMPUAN MALANG
Jawa Timur,LAPAS KELAS IIA SIDOARJO
Jawa Timur,LAPAS KELAS IIB BLITAR
Jawa Timur,LAPAS KELAS IIB BONDOWOSO
Jawa Timur,LAPAS KELAS IIB JOMBANG
Jawa Timur,LAPAS KELAS IIB LAMONGAN
Jawa Timur,LAPAS KELAS IIB LUMAJANG
Jawa Timur,LAPAS KELAS IIB MOJOKERTO
Jawa Timur,LAPAS KELAS IIB NGAWI
Jawa Timur,LAPAS KELAS IIB PASURUAN
Jawa Timur,LAPAS KELAS IIB PROBOLINGGO
Jawa Timur,LAPAS KELAS IIB TUBAN
Jawa Timur,LAPAS KELAS IIB TULUNGAGUNG
Jawa Timur,LAPAS KELAS III ARJASA
Jawa Timur,LAPAS PEMUDA KELAS IIA MADIUN
Jawa Timur,LEMBAGA PEMBINAAN KHUSUS ANAK KELAS I BLITAR
Jawa Timur,RUTAN KELAS I SURABAYA
Jawa Timur,RUTAN KELAS IIB BANGIL
Jawa Timur,RUTAN KELAS IIB BANGKALAN
Jawa Timur,RUTAN KELAS IIB GRESIK
Jawa Timur,RUTAN KELAS IIB KRAKSAAN
Jawa Timur,RUTAN KELAS IIB MAGETAN
Jawa Timur,RUTAN KELAS IIB NGANJUK
Jawa Timur,RUTAN KELAS IIB PACITAN
Jawa Timur,RUTAN KELAS IIB PONOROGO
Jawa Timur,RUTAN KELAS IIB SAMPANG
Jawa Timur,RUTAN KELAS IIB SITUBONDO
Jawa Timur,RUTAN KELAS IIB SUMENEP
Jawa Timur,RUTAN KELAS IIB TRENGGALEK
Jawa Timur,RUTAN PEREMPUAN KELAS IIA SURABAYA
Kalimantan Barat,BAPAS KELAS II PONTIANAK
Kalimantan Barat,BAPAS KELAS II SINTANG
Kalimantan Barat,LAPAS KELAS IIA PONTIANAK
Kalimantan Barat,LAPAS KELAS IIB KETAPANG
Kalimantan Barat,LAPAS KELAS IIB SINGKAWANG
Kalimantan Barat,LAPAS KELAS IIB SINTANG
Kalimantan Barat,LAPAS PEREMPUAN KELAS IIA PONTIANAK
Kalimantan Barat,LEMBAGA PEMBINAAN KHUSUS ANAK KELAS II SUNGAI RAYA
Kalimantan Barat,RUTAN KELAS IIA PONTIANAK
Kalimantan Barat,RUTAN KELAS IIB BENGKAYANG
Kalimantan Barat,RUTAN KELAS IIB LANDAK
Kalimantan Barat,RUTAN KELAS IIB MEMPAWAH
Kalimantan Barat,RUTAN KELAS IIB PUTUSSIBAU
Kalimantan Barat,RUTAN KELAS IIB SAMBAS
Kalimantan Barat,RUTAN KELAS IIB SANGGAU
Kalimantan Selatan,BAPAS KELAS II AMUNTAI
Kalimantan Selatan,BAPAS KELAS II BATULICIN
Kalimantan Selatan,LAPAS KELAS IIA BANJARMASIN
Kalimantan Selatan,LAPAS KELAS IIA KOTABARU
Kalimantan Selatan,LAPAS KELAS IIA NARKOTIKA KARANG INTAN
Kalimantan Selatan,LAPAS KELAS IIB AMUNTAI
Kalimantan Selatan,LAPAS KELAS IIB BANJARBARU
Kalimantan Selatan,LAPAS KELAS IIB TANJUNG
Kalimantan Selatan,LAPAS KELAS III BATULICIN
Kalimantan Selatan,LAPAS PEREMPUAN KELAS IIA MARTAPURA
Kalimantan Selatan,LEMBAGA PEMBINAAN KHUSUS ANAK KELAS I MARTAPURA
Kalimantan Selatan,RUTAN KELAS IIB BARABAI
Kalimantan Selatan,RUTAN KELAS IIB KANDANGAN
Kalimantan Selatan,RUTAN KELAS IIB MARABAHAN
Kalimantan Selatan,RUTAN KELAS IIB PELAIHARI
Kalimantan Selatan,RUTAN KELAS IIB RANTAU
Kalimantan Selatan,RUTAN KELAS IIB TANJUNG
Kalimantan Tengah,BAPAS KELAS I PALANGKARAYA
Kalimantan Tengah,BAPAS KELAS II MUARA TEWEH
Kalimantan Tengah,BAPAS KELAS II PANGKALAN BUN
Kalimantan Tengah,BAPAS KELAS II SAMPIT
Kalimantan Tengah,LAPAS KELAS IIA PALANGKARAYA
Kalimantan Tengah,LAPAS KELAS IIB MUARA TEWEH
Kalimantan Tengah,LAPAS KELAS IIB PANGKALAN BUN
Kalimantan Tengah,LAPAS KELAS IIB SAMPIT
Kalimantan Tengah,LAPAS KELAS III SUKAMARA
Kalimantan Tengah,LAPAS NARKOTIKA KELAS IIA KASONGAN
Kalimantan Tengah,LAPAS PEREMPUAN KELAS IIA PALANGKARAYA
Kalimantan Tengah,LEMBAGA PEMBINAAN KHUSUS ANAK KELAS II PALANGKARAYA
Kalimantan Tengah,RUTAN KELAS IIA PALANGKARAYA
Kalimantan Tengah,RUTAN KELAS IIB BUNTOK
Kalimantan Tengah,RUTAN KELAS IIB KUALA KAPUAS
Kalimantan Tengah,RUTAN KELAS IIB TAMIANG LAYANG
Kalimantan Timur,BAPAS KELAS I BALIKPAPAN
Kalimantan Timur,BAPAS KELAS I SAMARINDA
Kalimantan Timur,BAPAS KELAS II TARAKAN
Kalimantan Timur,LAPAS KELAS IIA BALIKPAPAN
Kalimantan Timur,LAPAS KELAS IIA BONTANG
Kalimantan Timur,LAPAS KELAS IIA SAMARINDA
Kalimantan Timur,LAPAS KELAS IIA TARAKAN
Kalimantan Timur,LAPAS KELAS IIA TENGGARONG
Kalimantan Timur,LAPAS KELAS IIB NUNUKAN
Kalimantan Timur,LAPAS NARKOTIKA KELAS IIA SAMARINDA
Kalimantan Timur,LAPAS PEREMPUAN KELAS IIA TENGGARONG
Kalimantan Timur,LEMBAGA PEMBINAAN KHUSUS ANAK KELAS II TENGGARONG
Kalimantan Timur,RUTAN KELAS I SAMARINDA
Kalimantan Timur,RUTAN KELAS IIA BALIKPAPAN
Kalimantan Timur,RUTAN KELAS IIB TANAH GROGOT
Kalimantan Timur,RUTAN KELAS IIB TANJUNG REDEP
Kepulauan Bangka Belitung,BAPAS KELAS I PANGKAL PINANG
Kepulauan Bangka Belitung,BAPAS KELAS II TANJUNG PANDAN
Kepulauan Bangka Belitung,LAPAS KELAS IIA PANGKAL PINANG
Kepulauan Bangka Belitung,LAPAS KELAS IIB SUNGAI LIAT
Kepulauan Bangka Belitung,LAPAS KELAS IIB TANJUNG PANDAN
Kepulauan Bangka Belitung,LAPAS NARKOTIKA KELAS IIA PANGKAL PINANG
Kepulauan Bangka Belitung,LAPAS PEREMPUAN KELAS III PANGKAL PINANG
Kepulauan Bangka Belitung,LEMBAGA PEMBINAAN KHUSUS ANAK KELAS II PANGKAL PINANG
Kepulauan Bangka Belitung,RUTAN KELAS IIB MUNTOK
Kepulauan Riau,BAPAS KELAS I TANJUNG PINANG
Kepulauan Riau,BAPAS KELAS II BATAM
Kepulauan Riau,LAPAS KELAS IIA BATAM
Kepulauan Riau,LAPAS KELAS IIA NARKOTIKA TANJUNG PINANG
Kepulauan Riau,LAPAS KELAS IIA TANJUNG PINANG
Kepulauan Riau,LAPAS KELAS III DABO SINGKEP
Kepulauan Riau,LAPAS PEREMPUAN KELAS IIB BATAM
Kepulauan Riau,LEMBAGA PEMBINAAN KHUSUS ANAK KELAS II BATAM
Kepulauan Riau,RUTAN KELAS I TANJUNG PINANG
Kepulauan Riau,RUTAN KELAS IIA BATAM
Kepulauan Riau,RUTAN KELAS IIB TANJUNG BALAI KARIMUN
Lampung,BAPAS KELAS I BANDAR LAMPUNG
Lampung,BAPAS KELAS II PRINGSEWU
Lampung,LAPAS KELAS I BANDAR LAMPUNG
Lampung,LAPAS KELAS IIA KALIANDA
Lampung,LAPAS KELAS IIA KOTABUMI
Lampung,LAPAS KELAS IIA METRO
Lampung,LAPAS KELAS IIA NARKOTIKA BANDAR LAMPUNG
Lampung,LAPAS KELAS IIA PEREMPUAN BANDAR LAMPUNG
Lampung,LAPAS KELAS IIB GUNUNG SUGIH
Lampung,LAPAS KELAS IIB KOTA AGUNG
Lampung,LAPAS KELAS IIB WAYKANAN
Lampung,LEMBAGA PEMBINAAN KHUSUS ANAK KELAS II BANDAR LAMPUNG
Lampung,RUTAN KELAS I BANDAR LAMPUNG
Lampung,RUTAN KELAS IIB KOTA AGUNG
Lampung,RUTAN KELAS IIB KOTABUMI
Lampung,RUTAN KELAS IIB KRUI
Lampung,RUTAN KELAS IIB MENGGALA
Lampung,RUTAN KELAS IIB SUKADANA
Maluku,BAPAS KELAS II AMBON
Maluku,BAPAS KELAS II SAUMLAKI
Maluku,LAPAS KELAS IIA AMBON
Maluku,LAPAS KELAS IIB PIRU
Maluku,LAPAS KELAS IIB TUAL
Maluku,LAPAS KELAS III BANDANAIRA
Maluku,LAPAS KELAS III DOBO
Maluku,LAPAS KELAS III GESER
Maluku,LAPAS KELAS III NAMLEA
Maluku,LAPAS KELAS III SAPARUA
Maluku,LAPAS KELAS III SAUMLAKI
Maluku,LAPAS KELAS III WAHAI
Maluku,LAPAS KELAS III WONRELI
Maluku,LAPAS PEREMPUAN KELAS III AMBON
Maluku,LEMBAGA PEMBINAAN KHUSUS ANAK KELAS II AMBON
Maluku,RUTAN KELAS IIA AMBON
Maluku,RUTAN KELAS IIB MASOHI
Maluku Utara,BAPAS KELAS II TIDORE
Maluku Utara,LAPAS KELAS IIA TERNATE
Maluku Utara,LAPAS KELAS IIB JAILOLO
Maluku Utara,LAPAS KELAS IIB SANANA
Maluku Utara,LAPAS KELAS IIB TOBELLO
Maluku Utara,LAPAS KELAS III LABUHA
Maluku Utara,LAPAS PEREMPUAN KELAS III TERNATE
Maluku Utara,LEMBAGA PEMBINAAN KHUSUS ANAK KELAS II TERNATE
Maluku Utara,RUTAN KELAS IIB SOA SIU
Maluku Utara,RUTAN KELAS IIB TERNATE
Maluku Utara,RUTAN KELAS IIB WEDA
Nusa Tenggara Barat,BAPAS KELAS I MATARAM
Nusa Tenggara Barat,LAPAS KELAS IIA LOMBOK BARAT
Nusa Tenggara Barat,LAPAS KELAS IIA SUMBAWA BESAR
Nusa Tenggara Barat,LAPAS KELAS IIB DOMPU
Nusa Tenggara Barat,LAPAS KELAS IIB SELONG
Nusa Tenggara Barat,LAPAS PEREMPUAN KELAS III MATARAM
Nusa Tenggara Barat,LAPAS TERBUKA KELAS IIB LOMBOK TENGAH
Nusa Tenggara Barat,LEMBAGA PEMBINAAN KHUSUS ANAK KELAS II LOMBOK TENGAH
Nusa Tenggara Barat,RUTAN KELAS IIB PRAYA
Nusa Tenggara Barat,RUTAN KELAS IIB RABA BIMA
Nusa Tenggara Timur,BAPAS KELAS II KUPANG
Nusa Tenggara Timur,BAPAS KELAS II WAIKABUBAK
Nusa Tenggara Timur,LAPAS KELAS IIA KUPANG
Nusa Tenggara Timur,LAPAS KELAS IIA WAINGAPU
Nusa Tenggara Timur,LAPAS KELAS IIB ATAMBUA
Nusa Tenggara Timur,LAPAS KELAS IIB ENDE
Nusa Tenggara Timur,LAPAS KELAS IIB KALABAHI
Nusa Tenggara Timur,LAPAS KELAS IIB TERBUKA WAIKABUBAK
Nusa Tenggara Timur,LAPAS KELAS IIB WAIKABUBAK
Nusa Tenggara Timur,LAPAS KELAS III BAA
Nusa Tenggara Timur,LAPAS KELAS III LEMBATA
Nusa Tenggara Timur,LAPAS PEREMPUAN KELAS IIB KUPANG
Nusa Tenggara Timur,LEMBAGA PEMBINAAN KHUSUS ANAK KELAS I KUPANG
Nusa Tenggara Timur,RUTAN KELAS IIB BAJAWA
Nusa Tenggara Timur,RUTAN KELAS IIB KEFAMENANU
Nusa Tenggara Timur,RUTAN KELAS IIB KUPANG
Nusa Tenggara Timur,RUTAN KELAS IIB LARANTUKA
Nusa Tenggara Timur,RUTAN KELAS IIB MAUMERE
Nusa Tenggara Timur,RUTAN KELAS IIB RUTENG
Nusa Tenggara Timur,RUTAN KELAS IIB SOE
Papua,BAPAS KELAS II JAYAPURA
Papua,BAPAS KELAS II KEEROM
Papua,BAPAS KELAS II MERAUKE
Papua,LAPAS KELAS IIA ABEPURA
Papua,LAPAS KELAS IIA NARKOTIKA JAYAPURA
Papua,LAPAS KELAS IIB BIAK
Papua,LAPAS KELAS IIB MERAUKE
Papua,LAPAS KELAS IIB NABIRE
Papua,LAPAS KELAS IIB SERUI
Papua,LAPAS KELAS IIB TIMIKA
Papua,LAPAS KELAS IIB WAMENA
Papua,LAPAS KELAS III TANAH MERAH
Papua,LAPAS PEREMPUAN KELAS III JAYAPURA
Papua,LEMBAGA PEMBINAAN KHUSUS ANAK KELAS II JAYAPURA
Papua Barat,BAPAS KELAS I MANOKWARI
Papua Barat,BAPAS KELAS II SORONG
Papua Barat,LAPAS KELAS IIB FAK-FAK
Papua Barat,LAPAS KELAS IIB MANOKWARI
Papua Barat,LAPAS KELAS IIB SORONG
Papua Barat,LAPAS KELAS III KAIMANA
Papua Barat,LAPAS KELAS III TEMINABUHAN
Papua Barat,LAPAS PEREMPUAN KELAS III MANOKWARI
Papua Barat,RUTAN KELAS IIB BINTUNI
Riau,BAPAS KELAS I PEKANBARU
Riau,BAPAS KELAS II DUMAI
Riau,LAPAS KELAS IIA BAGAN SIAPI-API
Riau,LAPAS KELAS IIA BANGKINANG
Riau,LAPAS KELAS IIA BENGKALIS
Riau,LAPAS KELAS IIA PEKANBARU
Riau,LAPAS KELAS IIA TEMBILAHAN
Riau,LAPAS KELAS IIB PASIR PANGARAYAN
Riau,LAPAS KELAS IIB SELATPANJANG
Riau,LAPAS KELAS IIB TELUK KUANTAN
Riau,LAPAS KELAS III TERBUKA RUMBAI
Riau,LAPAS NARKOTIKA KELAS IIB RUMBAI
Riau,LAPAS PEREMPUAN KELAS IIA PEKANBARU
Riau,LEMBAGA PEMBINAAN KHUSUS ANAK KELAS II PEKANBARU
Riau,RUTAN KELAS I PEKANBARU
Riau,RUTAN KELAS IIB DUMAI
Riau,RUTAN KELAS IIB RENGAT
Riau,RUTAN KELAS IIB SIAK SRI INDRAPURA
Sulawesi Barat,BAPAS KELAS II POLEWALI
Sulawesi Barat,LAPAS KELAS IIB POLEWALI
Sulawesi Barat,LAPAS KELAS III MAMASA
Sulawesi Barat,LAPAS PEREMPUAN KELAS III MAMUJU
Sulawesi Barat,LEMBAGA PEMBINAAN KHUSUS ANAK KELAS II MAMUJU
Sulawesi Barat,RUTAN KELAS IIB MAJENE
Sulawesi Barat,RUTAN KELAS IIB MAMUJU
Sulawesi Barat,RUTAN KELAS IIB PASANG KAYU
Sulawesi Selatan,BAPAS KELAS I MAKASSAR
Sulawesi Selatan,BAPAS KELAS II PALOPO
Sulawesi Selatan,BAPAS KELAS II WATAMPONE
Sulawesi Selatan,LAPAS KELAS I UJUNG PANDANG
Sulawesi Selatan,LAPAS KELAS IIA BULUKUMBA
Sulawesi Selatan,LAPAS KELAS IIA NARKOTIKA SUNGGUMINASA
Sulawesi Selatan,LAPAS KELAS IIA PALOPO
Sulawesi Selatan,LAPAS KELAS IIA PARE-PARE
Sulawesi Selatan,LAPAS KELAS IIA PEREMPUAN SUNGGUMINASA
Sulawesi Selatan,LAPAS KELAS IIA WATAMPONE
Sulawesi Selatan,LAPAS KELAS IIB MAROS
Sulawesi Selatan,LAPAS KELAS IIB TAKALAR
Sulawesi Selatan,LEMBAGA PEMBINAAN KHUSUS ANAK KELAS II MAROS
Sulawesi Selatan,RUTAN KELAS I UJUNG PANDANG
Sulawesi Selatan,RUTAN KELAS IIB BANTAENG
Sulawesi Selatan,RUTAN KELAS IIB BARRU
Sulawesi Selatan,RUTAN KELAS IIB ENREKANG
Sulawesi Selatan,RUTAN KELAS IIB JENEPONTO
Sulawesi Selatan,RUTAN KELAS IIB MAKALE
Sulawesi Selatan,RUTAN KELAS IIB MALINO
Sulawesi Selatan,RUTAN KELAS IIB MASAMBA
Sulawesi Selatan,RUTAN KELAS IIB PANGKAJENE
Sulawesi Selatan,RUTAN KELAS IIB PINRANG
Sulawesi Selatan,RUTAN KELAS IIB SELAYAR
Sulawesi Selatan,RUTAN KELAS IIB SENGKANG
Sulawesi Selatan,RUTAN KELAS IIB SIDENRENG RAPANG
Sulawesi Selatan,RUTAN KELAS IIB SINJAI
Sulawesi Selatan,RUTAN KELAS IIB WATANSOPPENG
Sulawesi Tengah,BAPAS KELAS I PALU
Sulawesi Tengah,BAPAS KELAS II LUWUK
Sulawesi Tengah,LAPAS KELAS IIA PALU
Sulawesi Tengah,LAPAS KELAS IIB AMPANA
Sulawesi Tengah,LAPAS KELAS IIB LUWUK
Sulawesi Tengah,LAPAS KELAS IIB TOLI-TOLI
Sulawesi Tengah,LAPAS KELAS III KOLONEDALE
Sulawesi Tengah,LAPAS KELAS III LEOK
Sulawesi Tengah,LAPAS KELAS III PARIGI
Sulawesi Tengah,LAPAS PEREMPUAN KELAS III PALU
Sulawesi Tengah,LEMBAGA PEMBINAAN KHUSUS ANAK KELAS II PALU
Sulawesi Tengah,RUTAN KELAS IIA PALU
Sulawesi Tengah,RUTAN KELAS IIB DONGGALA
Sulawesi Tengah,RUTAN KELAS IIB POSO
Sulawesi Tenggara,BAPAS KELAS II BAU-BAU
Sulawesi Tenggara,BAPAS KELAS II KENDARI
Sulawesi Tenggara,LAPAS KELAS IIA BAU-BAU
Sulawesi Tenggara,LAPAS KELAS IIA KENDARI
Sulawesi Tenggara,LAPAS PEREMPUAN KELAS III KENDARI
Sulawesi Tenggara,LEMBAGA PEMBINAAN KHUSUS ANAK KELAS II KENDARI
Sulawesi Tenggara,RUTAN KELAS IIA KENDARI
Sulawesi Tenggara,RUTAN KELAS IIB KOLAKA
Sulawesi Tenggara,RUTAN KELAS IIB RAHA
Sulawesi Tenggara,RUTAN KELAS IIB UNAAHA
Sulawesi Utara,BAPAS KELAS II MANADO
Sulawesi Utara,LAPAS KELAS IIA MANADO
Sulawesi Utara,LAPAS KELAS IIB BITUNG
Sulawesi Utara,LAPAS KELAS IIB TAHUNA
Sulawesi Utara,LAPAS KELAS IIB TONDANO
Sulawesi Utara,LAPAS KELAS IIB ULU SIAU
Sulawesi Utara,LAPAS KELAS III AMURANG
Sulawesi Utara,LAPAS KELAS III ENEMAWIRA
Sulawesi Utara,LAPAS KELAS III LIRUNG
Sulawesi Utara,LAPAS KELAS III TAGULANDANG
Sulawesi Utara,LAPAS KELAS III TAMAKO
Sulawesi Utara,LAPAS PEREMPUAN KELAS IIB MANADO
Sulawesi Utara,LEMBAGA PEMBINAAN KHUSUS ANAK KELAS II TOMOHON
Sulawesi Utara,RUTAN KELAS IIA MANADO
Sulawesi Utara,RUTAN KELAS IIB KOTAMOBAGU
Sumatera Barat,BAPAS KELAS II PADANG
Sumatera Barat,LAPAS KELAS IIA BUKITTINGGI
Sumatera Barat,LAPAS KELAS IIA BUKITTINGGI
Sumatera Barat,LAPAS KELAS IIA PADANG
Sumatera Barat,LAPAS KELAS IIB LUBUK BASUNG
Sumatera Barat,LAPAS KELAS IIB MUARA SIJUNJUNG
Sumatera Barat,LAPAS KELAS IIB PARIAMAN
Sumatera Barat,LAPAS KELAS IIB SOLOK
Sumatera Barat,LAPAS KELAS IIB TANJUNG PATI
Sumatera Barat,LAPAS KELAS IIB TERBUKA PASAMAN
Sumatera Barat,LAPAS KELAS III ALAHAN PANJANG
Sumatera Barat,LAPAS KELAS III DHARMASRAYA
Sumatera Barat,LAPAS KELAS III SULIKI
Sumatera Barat,LAPAS KELAS III TALU
Sumatera Barat,LAPAS NARKOTIKA KELAS III SAWAHLUNTO
Sumatera Barat,LAPAS PEREMPUAN KELAS IIB PADANG
Sumatera Barat,LEMBAGA PEMBINAAN KHUSUS ANAK KELAS II PAYAKUMBUH
Sumatera Barat,RUTAN KELAS IIB BATUSANGKAR
Sumatera Barat,RUTAN KELAS IIB LUBUK SIKAPING
Sumatera Barat,RUTAN KELAS IIB MANINJAU
Sumatera Barat,RUTAN KELAS IIB MUARA LABUH
Sumatera Barat,RUTAN KELAS IIB PADANG
Sumatera Barat,RUTAN KELAS IIB PADANG PANJANG
Sumatera Barat,RUTAN KELAS IIB PAINAN
Sumatera Barat,RUTAN KELAS IIB SAWAHLUNTO
Sumatera Selatan,BAPAS KELAS I PALEMBANG
Sumatera Selatan,BAPAS KELAS II LAHAT
Sumatera Selatan,BAPAS KELAS II MUSI RAWAS UTARA
Sumatera Selatan,BAPAS KELAS II OKU INDUK
Sumatera Selatan,LAPAS KELAS I PALEMBANG
Sumatera Selatan,LAPAS KELAS IIA BANYUASIN
Sumatera Selatan,LAPAS KELAS IIA LAHAT
Sumatera Selatan,LAPAS KELAS IIA LUBUK LINGGAU
Sumatera Selatan,LAPAS KELAS IIA PEREMPUAN PALEMBANG
Sumatera Selatan,LAPAS KELAS IIA TANJUNG RAJA
Sumatera Selatan,LAPAS KELAS IIB EMPAT LAWANG
Sumatera Selatan,LAPAS KELAS IIB KAYU AGUNG
Sumatera Selatan,LAPAS KELAS IIB MARTAPURA
Sumatera Selatan,LAPAS KELAS IIB MUARA DUA
Sumatera Selatan,LAPAS KELAS IIB MUARA ENIM
Sumatera Selatan,LAPAS KELAS IIB SEKAYU
Sumatera Selatan,LAPAS KELAS III PAGAR ALAM
Sumatera Selatan,LAPAS KELAS III SAROLANGUN RAWAS
Sumatera Selatan,LAPAS NARKOTIKA KELAS IIA MUARA BELITI
Sumatera Selatan,LAPAS NARKOTIKA KELAS IIB BANYUASIN
Sumatera Selatan,LEMBAGA PEMBINAAN KHUSUS ANAK KELAS I PALEMBANG
Sumatera Selatan,RUTAN KELAS I PALEMBANG
Sumatera Selatan,RUTAN KELAS IIB BATURAJA
Sumatera Selatan,RUTAN KELAS IIB PRABUMULIH
Sumatera Utara,BAPAS KELAS II SIBOLGA
Sumatera Utara,LAPAS KELAS I MEDAN
Sumatera Utara,LAPAS KELAS IIA BINJAI
Sumatera Utara,LAPAS KELAS IIA LABUHAN RUKU
Sumatera Utara,LAPAS KELAS IIA NARKOTIKA PEMATANG SIANTAR
Sumatera Utara,LAPAS KELAS IIA PANCUR BATU
Sumatera Utara,LAPAS KELAS IIA PEMATANG SIANTAR
Sumatera Utara,LAPAS KELAS IIA PEREMPUAN MEDAN
Sumatera Utara,LAPAS KELAS IIA RANTAU PRAPAT
Sumatera Utara,LAPAS KELAS IIA SIBOLGA
Sumatera Utara,LAPAS KELAS IIB GUNUNG SITOLI
Sumatera Utara,LAPAS KELAS IIB LUBUK PAKAM
Sumatera Utara,LAPAS KELAS IIB PADANG SIDEMPUAN
Sumatera Utara,LAPAS KELAS IIB PANYABUNGAN
Sumatera Utara,LAPAS KELAS IIB SIBORONG-BORONG
Sumatera Utara,LAPAS KELAS IIB TANJUNG BALAI ASAHAN
Sumatera Utara,LAPAS KELAS IIB TEBING TINGGI DELI
Sumatera Utara,LAPAS KELAS III BARUS
Sumatera Utara,LAPAS KELAS III GUNUNG TUA
Sumatera Utara,LAPAS KELAS III KOTA PINANG
Sumatera Utara,LAPAS KELAS III KOTANOPAN
Sumatera Utara,LAPAS KELAS III LABUAN BILIK
Sumatera Utara,LAPAS KELAS III PANGURURAN
Sumatera Utara,LAPAS KELAS III TELUK DALAM
Sumatera Utara,LAPAS NARKOTIKA KELAS IIA LANGKAT
Sumatera Utara,LAPAS PEMUDA KELAS III LANGKAT
Sumatera Utara,LEMBAGA PEMBINAAN KHUSUS ANAK KELAS I MEDAN
Sumatera Utara,RUTAN KELAS I LABUHAN DELI
Sumatera Utara,RUTAN KELAS I MEDAN
Sumatera Utara,RUTAN KELAS IIB BALIGE
Sumatera Utara,RUTAN KELAS IIB HUMBANG HASUNDUTAN
Sumatera Utara,RUTAN KELAS IIB KABANJAHE
Sumatera Utara,RUTAN KELAS IIB NATAL
Sumatera Utara,RUTAN KELAS IIB PANGKALAN BRANDAN
Sumatera Utara,RUTAN KELAS IIB SIBUHUAN
Sumatera Utara,RUTAN KELAS IIB SIDIKALANG
Sumatera Utara,RUTAN KELAS IIB SIPIROK
Sumatera Utara,RUTAN KELAS IIB TANJUNG PURA
Sumatera Utara,RUTAN KELAS IIB TARUTUNG
Sumatera Utara,RUTAN PEREMPUAN KELAS II A MEDAN
